<?xml version="1.0" encoding="UTF-8"?>
<project-private xmlns="http://www.netbeans.org/ns/project-private/1">
    <editor-bookmarks xmlns="http://www.netbeans.org/ns/editor-bookmarks/2" lastBookmarkId="0"/>
    <open-files xmlns="http://www.netbeans.org/ns/projectui-open-files/2">
        <group>
            <file>file:/C:/Users/Hashir%20Ahmad/Desktop/DB%20PROJECT/Library_management_system/connect.txt</file>
            <file>file:/C:/Users/Hashir%20Ahmad/Desktop/DB%20PROJECT/Library_management_system/src/Library/ReturnBook.java</file>
            <file>file:/C:/Users/Hashir%20Ahmad/Desktop/DB%20PROJECT/Library_management_system/src/Library/IssueBook.java</file>
            <file>file:/C:/Users/Hashir%20Ahmad/Desktop/DB%20PROJECT/Library_management_system/src/Library/Book.java</file>
            <file>file:/C:/Users/Hashir%20Ahmad/Desktop/DB%20PROJECT/Library_management_system/src/Library/Author.java</file>
        </group>
    </open-files>
</project-private>
